{
  "QME4PMjwtms": {
    "time": 2.073832897003174,
    "duration": 372.341,
    "line": -1,
    "timestamp": 1777885642205
  },
  "087XVp3JIpk": {
    "time": 7.746852,
    "duration": 592.801,
    "line": 0,
    "timestamp": 1778076717714
  },
  "O9JmoRFlD24": {
    "time": 0.7494160801086426,
    "duration": 888,
    "line": 0,
    "timestamp": 1777894808485
  },
  "bDRVjoVn0Fg": {
    "time": 32.408082,
    "duration": 704,
    "line": 12,
    "timestamp": 1778084588493
  },
  "7offZ0CIEIM": {
    "time": 50.465582,
    "duration": 737,
    "line": 11,
    "timestamp": 1777958900309
  },
  "Psb9g9UxqZs": {
    "time": 743.394354,
    "duration": 743.394354,
    "line": 47,
    "timestamp": 1777994050937
  },
  "3E8E-Qn1CT8": {
    "time": 282.48899789128114,
    "duration": 605.461,
    "line": 40,
    "timestamp": 1778084595554
  },
  "6OvgRqD3ICY": {
    "time": 455.02575,
    "duration": 455.02575,
    "line": 60,
    "timestamp": 1778076688141
  }
}