{
  "QME4PMjwtms": {
    "time": 2.073832897003174,
    "duration": 372.341,
    "line": -1,
    "timestamp": 1777885642205
  },
  "O9JmoRFlD24": {
    "time": 0.7494160801086426,
    "duration": 888,
    "line": 0,
    "timestamp": 1777894808485
  },
  "7offZ0CIEIM": {
    "time": 50.465582,
    "duration": 737,
    "line": 11,
    "timestamp": 1777958900309
  },
  "Psb9g9UxqZs": {
    "time": 743.394354,
    "duration": 743.394354,
    "line": 47,
    "timestamp": 1777994050937
  },
  "3E8E-Qn1CT8": {
    "time": 1.520291,
    "duration": 605.461,
    "line": 0,
    "timestamp": 1778158556688
  },
  "6OvgRqD3ICY": {
    "time": 455.02575,
    "duration": 455.02575,
    "line": 60,
    "timestamp": 1778076688141
  },
  "eVOJsxaclwQ": {
    "time": 11.182853,
    "duration": 397.881,
    "line": 1,
    "timestamp": 1778158553526
  },
  "bDRVjoVn0Fg": {
    "time": 695.7794541029969,
    "duration": 703.961,
    "line": 299,
    "timestamp": 1778158536575
  }
}