{
  "6OvgRqD3ICY": {
    "time": 4.950979022888184,
    "duration": 455.041,
    "line": 0,
    "timestamp": 1777895968913
  },
  "QME4PMjwtms": {
    "time": 2.073832897003174,
    "duration": 372.341,
    "line": -1,
    "timestamp": 1777885642205
  },
  "roixz0gd4Ug": {
    "time": 0.813208,
    "duration": 476,
    "line": 0,
    "timestamp": 1777895676710
  },
  "087XVp3JIpk": {
    "time": 0.7740620801086425,
    "duration": 592.801,
    "line": 0,
    "timestamp": 1777924897628
  },
  "Psb9g9UxqZs": {
    "time": 1.225625,
    "duration": 744,
    "line": 0,
    "timestamp": 1777895687046
  },
  "O9JmoRFlD24": {
    "time": 0.7494160801086426,
    "duration": 888,
    "line": 0,
    "timestamp": 1777894808485
  },
  "bDRVjoVn0Fg": {
    "time": 2.348833,
    "duration": 703.961,
    "line": 0,
    "timestamp": 1777924895726
  },
  "7offZ0CIEIM": {
    "time": 724.7734128626709,
    "duration": 737,
    "line": 127,
    "timestamp": 1777924871451
  }
}