{
  "6OvgRqD3ICY": {
    "time": 2.070624826431274,
    "duration": 455.041,
    "line": 0,
    "timestamp": 1777886234110
  },
  "QME4PMjwtms": {
    "time": 2.073832897003174,
    "duration": 372.341,
    "line": -1,
    "timestamp": 1777885642205
  },
  "roixz0gd4Ug": {
    "time": 1.2097909618530274,
    "duration": 475.941,
    "line": 0,
    "timestamp": 1777885753511
  },
  "087XVp3JIpk": {
    "time": 38.52260388746643,
    "duration": 592.801,
    "line": 1,
    "timestamp": 1777886403043
  },
  "Psb9g9UxqZs": {
    "time": 1.2448541373291016,
    "duration": 743.401,
    "line": 0,
    "timestamp": 1777885749322
  }
}